HR1> SELECT * FROM departments;

DEPARTMENT_ID DEPARTMENT_NAME                MANAGER_ID LOCATION_ID                                                     
------------- ------------------------------ ---------- -----------                                                     
           10 Administration                        200        1700                                                     
           20 Marketing                             201        1800                                                     
           50 Shipping                              124        1500                                                     
           60 IT                                    103        1400                                                     
           80 Sales                                 149        2500                                                     
           90 Executive                             100        1700                                                     
          110 Accounting                            205        1700                                                     
          190 Contracting                                      1700                                                     

8 rows selected.

HR1> INSERT INTO departments
  2  VALUES(70, 'Public Relations', 100, 1700);

1 row created.

HR1> select * from departments;

DEPARTMENT_ID DEPARTMENT_NAME                MANAGER_ID LOCATION_ID                                                     
------------- ------------------------------ ---------- -----------                                                     
           10 Administration                        200        1700                                                     
           20 Marketing                             201        1800                                                     
           50 Shipping                              124        1500                                                     
           60 IT                                    103        1400                                                     
           80 Sales                                 149        2500                                                     
           90 Executive                             100        1700                                                     
          110 Accounting                            205        1700                                                     
          190 Contracting                                      1700                                                     
           70 Public Relations                      100        1700                                                     

9 rows selected.

HR1> INSERT INTO employees
  2  VALUES(113, 'Louis', 'Popp', 'LPOPP', '123.345.4567', SYSDATE,
  3  'AC_ACCOUNT', 6900, null, 205, 110);

1 row created.

HR1> SELECT employee_id, last_name, hire_date
  2  FROM employees;

EMPLOYEE_ID LAST_NAME                 HIRE_DATE                                                                         
----------- ------------------------- ---------                                                                         
        200 Whalen                    17-SEP-87                                                                         
        201 Hartstein                 17-FEB-96                                                                         
        202 Fay                       17-AUG-97                                                                         
        205 Higgins                   07-JUN-94                                                                         
        206 Gietz                     07-JUN-94                                                                         
        100 King                      17-JUN-87                                                                         
        101 Kochhar                   21-SEP-89                                                                         
        102 De Haan                   13-JAN-93                                                                         
        103 Hunold                    03-JAN-90                                                                         
        104 Ernst                     21-MAY-91                                                                         
        113 Popp                      25-JAN-18                                                                         

EMPLOYEE_ID LAST_NAME                 HIRE_DATE                                                                         
----------- ------------------------- ---------                                                                         
        107 Lorentz                   07-FEB-99                                                                         
        124 Mourgos                   16-NOV-99                                                                         
        141 Rajs                      17-OCT-95                                                                         
        142 Davies                    29-JAN-97                                                                         
        143 Matos                     15-MAR-98                                                                         
        144 Vargas                    09-JUL-98                                                                         
        149 Zlotkey                   29-JAN-00                                                                         
        174 Abel                      11-MAY-96                                                                         
        176 Taylor                    24-MAR-98                                                                         
        178 Grant                     24-MAY-99                                                                         

21 rows selected.

HR1> conn hr/hr
Connected.
HR@orcl 25-JAN-18>SELECT * FROM departments;

DEPARTMENT_ID DEPARTMENT_NAME                MANAGER_ID LOCATION_ID                                                     
------------- ------------------------------ ---------- -----------                                                     
           30 Purchasing                                                                                                
          100 Finance                                                                                                   
           10 Administration                        200        1700                                                     
           20 Marketing                             201        1800                                                     
           50 Shipping                              124        1500                                                     
           60 IT                                    103        1400                                                     
           80 Sales                                 149        2500                                                     
           90 Executive                             100        1700                                                     
          110 Accounting                            205        1700                                                     
          190 Contracting                                      1700                                                     
           70 Public Relations                      100        1700                                                     

11 rows selected.

HR@orcl 25-JAN-18>set sqlp "HR1> "
HR1> SELECT employee_id, last_name FROM employees;

EMPLOYEE_ID LAST_NAME                                                                                                   
----------- -------------------------                                                                                   
        174 Abel                                                                                                        
        142 Davies                                                                                                      
        102 De Haan                                                                                                     
        104 Ernst                                                                                                       
        202 Fay                                                                                                         
        206 Gietz                                                                                                       
        178 Grant                                                                                                       
        201 Hartstein                                                                                                   
        205 Higgins                                                                                                     
        103 Hunold                                                                                                      
        100 King                                                                                                        

EMPLOYEE_ID LAST_NAME                                                                                                   
----------- -------------------------                                                                                   
        101 Kochhar                                                                                                     
        107 Lorentz                                                                                                     
        143 Matos                                                                                                       
        124 Mourgos                                                                                                     
        113 Popp                                                                                                        
        141 Rajs                                                                                                        
        176 Taylor                                                                                                      
        144 Vargas                                                                                                      
        200 Whalen                                                                                                      
        149 Zlotkey                                                                                                     

21 rows selected.

HR1> SELECT * FROM departments;

DEPARTMENT_ID DEPARTMENT_NAME                MANAGER_ID LOCATION_ID                                                     
------------- ------------------------------ ---------- -----------                                                     
           30 Purchasing                                                                                                
          100 Finance                                                                                                   
           10 Administration                        200        1700                                                     
           20 Marketing                             201        1800                                                     
           50 Shipping                              124        1500                                                     
           60 IT                                    103        1400                                                     
           80 Sales                                 149        2500                                                     
           90 Executive                             100        1700                                                     
          110 Accounting                            205        1700                                                     
          190 Contracting                                      1700                                                     
           70 Public Relations                      100        1700                                                     

11 rows selected.

HR1> /

DEPARTMENT_ID DEPARTMENT_NAME                MANAGER_ID LOCATION_ID                                                     
------------- ------------------------------ ---------- -----------                                                     
           30 Purchasing                                                                                                
          100 Finance                                                                                                   
           40 Deptname                                         2500                                                     
           10 Administration                        200        1700                                                     
           20 Marketing                             201        1800                                                     
           50 Shipping                              124        1500                                                     
           60 IT                                    103        1400                                                     
           80 Sales                                 149        2500                                                     
           90 Executive                             100        1700                                                     
          110 Accounting                            205        1700                                                     
          190 Contracting                                      1700                                                     

DEPARTMENT_ID DEPARTMENT_NAME                MANAGER_ID LOCATION_ID                                                     
------------- ------------------------------ ---------- -----------                                                     
           70 Public Relations                      100        1700                                                     

12 rows selected.

HR1> SELECT employee_id, last_name FROM employees;

EMPLOYEE_ID LAST_NAME                                                                                                   
----------- -------------------------                                                                                   
        174 Abel                                                                                                        
        142 Davies                                                                                                      
        102 De Haan                                                                                                     
        115 Dean                                                                                                        
        104 Ernst                                                                                                       
        202 Fay                                                                                                         
        206 Gietz                                                                                                       
        178 Grant                                                                                                       
        201 Hartstein                                                                                                   
        205 Higgins                                                                                                     
        103 Hunold                                                                                                      

EMPLOYEE_ID LAST_NAME                                                                                                   
----------- -------------------------                                                                                   
        100 King                                                                                                        
        101 Kochhar                                                                                                     
        107 Lorentz                                                                                                     
        143 Matos                                                                                                       
        124 Mourgos                                                                                                     
        113 Popp                                                                                                        
        141 Rajs                                                                                                        
        114 Raphealy                                                                                                    
        176 Taylor                                                                                                      
        144 Vargas                                                                                                      
        200 Whalen                                                                                                      

EMPLOYEE_ID LAST_NAME                                                                                                   
----------- -------------------------                                                                                   
        149 Zlotkey                                                                                                     

23 rows selected.

HR1> desc sales_reps
 Name                                                              Null?    Type
 ----------------------------------------------------------------- -------- --------------------------------------------
 ID                                                                         NUMBER(6)
 NAME                                                              NOT NULL VARCHAR2(25)
 SALARY                                                                     NUMBER(8,2)
 COMM                                                                       NUMBER(2,2)

HR1> INSERT INTO sales_reps
  2  SELECT employee_id, last_name, salart, commission_pct
  3  FROM employees
  4  WHERE job_id LIKE '%REP%';
SELECT employee_id, last_name, salart, commission_pct
                               *
ERROR at line 2:
ORA-00904: "SALART": invalid identifier 


HR1> ed
Wrote file afiedt.buf

  1  INSERT INTO sales_reps
  2  SELECT employee_id, last_name, salary commission_pct
  3  FROM employees
  4* WHERE job_id LIKE '%REP%'
HR1> /
INSERT INTO sales_reps
            *
ERROR at line 1:
ORA-00947: not enough values 


HR1> ed
Wrote file afiedt.buf

  1  INSERT INTO sales_reps
  2  SELECT employee_id, last_name, salary commission_pct
  3  FROM employees
  4* WHERE job_id LIKE '%REP%'
HR1> /
INSERT INTO sales_reps
            *
ERROR at line 1:
ORA-00947: not enough values 


HR1> ed
Wrote file afiedt.buf

  1  INSERT INTO sales_reps
  2  SELECT employee_id, last_name, salary commission_pct
  3  FROM employees
  4* WHERE job_id LIKE '%REP%'
HR1> ed
Wrote file afiedt.buf

  1  INSERT INTO sales_reps
  2  SELECT employee_id, last_name, salary, commission_pct
  3  FROM employees
  4* WHERE job_id LIKE '%REP%'
HR1> /

6 rows created.

HR1> SELECT * FROM sales_reps;

        ID NAME                          SALARY       COMM                                                              
---------- ------------------------- ---------- ----------                                                              
       202 Fay                             6000                                                                         
       114 Raphealy                       11000         .2                                                              
       115 Dean                           11000         .2                                                              
       174 Abel                           11000         .3                                                              
       176 Taylor                          8600         .2                                                              
       178 Grant                           7000        .15                                                              

6 rows selected.

HR1> exit
