HR@orcl 25-JAN-18>set sqlp "HR2> "
HR2> select * from departments;

DEPARTMENT_ID DEPARTMENT_NAME                MANAGER_ID LOCATION_ID                                                     
------------- ------------------------------ ---------- -----------                                                     
           10 Administration                        200        1700                                                     
           20 Marketing                             201        1800                                                     
           50 Shipping                              124        1500                                                     
           60 IT                                    103        1400                                                     
           80 Sales                                 149        2500                                                     
           90 Executive                             100        1700                                                     
          110 Accounting                            205        1700                                                     
          190 Contracting                                      1700                                                     

8 rows selected.

HR2> INSERT INTO departments (department_id, department
  2  _name)
  3  VALUES (30, 'Purchasing');
_name)
*
ERROR at line 2:
ORA-00911: invalid character 


HR2> ed
Wrote file afiedt.buf

  1  INSERT INTO departments (department_id, department_name)
  2* VALUES (30, 'Purchasing')
HR2> /

1 row created.

HR2> INSERT INTO departments
  2  VALUES (100, 'Finance', NULL, NULL);

1 row created.

HR2> select * from departments;

DEPARTMENT_ID DEPARTMENT_NAME                MANAGER_ID LOCATION_ID                                                     
------------- ------------------------------ ---------- -----------                                                     
           30 Purchasing                                                                                                
          100 Finance                                                                                                   
           10 Administration                        200        1700                                                     
           20 Marketing                             201        1800                                                     
           50 Shipping                              124        1500                                                     
           60 IT                                    103        1400                                                     
           80 Sales                                 149        2500                                                     
           90 Executive                             100        1700                                                     
          110 Accounting                            205        1700                                                     
          190 Contracting                                      1700                                                     

10 rows selected.

HR2> commit
  2  ;

Commit complete.

HR2> /

Commit complete.

HR2> select * from departments;

DEPARTMENT_ID DEPARTMENT_NAME                MANAGER_ID LOCATION_ID                                                     
------------- ------------------------------ ---------- -----------                                                     
           30 Purchasing                                                                                                
          100 Finance                                                                                                   
           10 Administration                        200        1700                                                     
           20 Marketing                             201        1800                                                     
           50 Shipping                              124        1500                                                     
           60 IT                                    103        1400                                                     
           80 Sales                                 149        2500                                                     
           90 Executive                             100        1700                                                     
          110 Accounting                            205        1700                                                     
          190 Contracting                                      1700                                                     

10 rows selected.

HR2> INSERT INTO employees
  2  VALUES(114, 'DEN', 'Raphealy', 'DRAPHEAL', '515.123.6789',
  3  		TO_DATE('99/03/02', 'rr/mm/dd') 'SA_REP', 11000,0.2, 100, 60);
		TO_DATE('99/03/02', 'rr/mm/dd') 'SA_REP', 11000,0.2, 100, 60)
		                                *
ERROR at line 3:
ORA-00917: missing comma 


HR2> ed
Wrote file afiedt.buf

  1  INSERT INTO employees
  2  VALUES(114, 'DEN', 'Raphealy', 'DRAPHEAL', '515.123.6789',
  3* 		TO_DATE('99/03/02', 'rr/mm/dd') 'SA_REP', 11000,0.2, 100, 60)
HR2> ed
Wrote file afiedt.buf

  1  INSERT INTO employees
  2  VALUES(114, 'DEN', 'Raphealy', 'DRAPHEAL', '515.123.6789',
  3* 		TO_DATE('99/03/02', 'rr/mm/dd'), 'SA_REP', 11000,0.2, 100, 60)
HR2> /

1 row created.

HR2> ed
Wrote file afiedt.buf

  1  INSERT INTO employees
  2  VALUES(115, 'James', 'Dean', 'JDEAN', '515.123.6789',
  3* 		TO_DATE('99/03/02', 'yy/mm/dd'), 'SA_REP', 11000,0.2, 100, 60)
HR2> /

1 row created.

HR2> SELECT employee_id, last_name, hire_date
  2  FROM employees;

EMPLOYEE_ID LAST_NAME                 HIRE_DATE                                                                         
----------- ------------------------- ---------                                                                         
        200 Whalen                    17-SEP-87                                                                         
        201 Hartstein                 17-FEB-96                                                                         
        202 Fay                       17-AUG-97                                                                         
        205 Higgins                   07-JUN-94                                                                         
        206 Gietz                     07-JUN-94                                                                         
        114 Raphealy                  02-MAR-99                                                                         
        115 Dean                      02-MAR-99                                                                         
        100 King                      17-JUN-87                                                                         
        101 Kochhar                   21-SEP-89                                                                         
        102 De Haan                   13-JAN-93                                                                         
        103 Hunold                    03-JAN-90                                                                         

EMPLOYEE_ID LAST_NAME                 HIRE_DATE                                                                         
----------- ------------------------- ---------                                                                         
        104 Ernst                     21-MAY-91                                                                         
        107 Lorentz                   07-FEB-99                                                                         
        124 Mourgos                   16-NOV-99                                                                         
        141 Rajs                      17-OCT-95                                                                         
        142 Davies                    29-JAN-97                                                                         
        143 Matos                     15-MAR-98                                                                         
        144 Vargas                    09-JUL-98                                                                         
        149 Zlotkey                   29-JAN-00                                                                         
        174 Abel                      11-MAY-96                                                                         
        176 Taylor                    24-MAR-98                                                                         
        178 Grant                     24-MAY-99                                                                         

22 rows selected.

HR2> ed
Wrote file afiedt.buf

  1  SELECT employee_id, last_name, hire_date
  2* FROM employees
HR2> ed
Wrote file afiedt.buf

  1  SELECT employee_id, last_name, hire_date(TO_DATE('yyyy/mm/dd'))
  2* FROM employees
HR2> /
SELECT employee_id, last_name, hire_date(TO_DATE('yyyy/mm/dd'))
                               *
ERROR at line 1:
ORA-00904: "HIRE_DATE": invalid identifier 


HR2> ed
Wrote file afiedt.buf

  1  SELECT employee_id, last_name, TO_CHAR(hire_date, 'fmDD Month YYYY')
  2* FROM employees
HR2> /

EMPLOYEE_ID LAST_NAME                 TO_CHAR(HIRE_DATE,'FMDDMONTHYYYY')                                                
----------- ------------------------- --------------------------------------------                                      
        200 Whalen                    17 September 1987                                                                 
        201 Hartstein                 17 February 1996                                                                  
        202 Fay                       17 August 1997                                                                    
        205 Higgins                   7 June 1994                                                                       
        206 Gietz                     7 June 1994                                                                       
        114 Raphealy                  2 March 1999                                                                      
        115 Dean                      2 March 2099                                                                      
        100 King                      17 June 1987                                                                      
        101 Kochhar                   21 September 1989                                                                 
        102 De Haan                   13 January 1993                                                                   
        103 Hunold                    3 January 1990                                                                    

EMPLOYEE_ID LAST_NAME                 TO_CHAR(HIRE_DATE,'FMDDMONTHYYYY')                                                
----------- ------------------------- --------------------------------------------                                      
        104 Ernst                     21 May 1991                                                                       
        107 Lorentz                   7 February 1999                                                                   
        124 Mourgos                   16 November 1999                                                                  
        141 Rajs                      17 October 1995                                                                   
        142 Davies                    29 January 1997                                                                   
        143 Matos                     15 March 1998                                                                     
        144 Vargas                    9 July 1998                                                                       
        149 Zlotkey                   29 January 2000                                                                   
        174 Abel                      11 May 1996                                                                       
        176 Taylor                    24 March 1998                                                                     
        178 Grant                     24 May 1999                                                                       

22 rows selected.

HR2> ed
Wrote file afiedt.buf

  1  SELECT employee_id, last_name, TO_CHAR(hire_date, 'fmDD Month YYYY') hire_date
  2* FROM employees
HR2> /

EMPLOYEE_ID LAST_NAME                 HIRE_DATE                                                                         
----------- ------------------------- --------------------------------------------                                      
        200 Whalen                    17 September 1987                                                                 
        201 Hartstein                 17 February 1996                                                                  
        202 Fay                       17 August 1997                                                                    
        205 Higgins                   7 June 1994                                                                       
        206 Gietz                     7 June 1994                                                                       
        114 Raphealy                  2 March 1999                                                                      
        115 Dean                      2 March 2099                                                                      
        100 King                      17 June 1987                                                                      
        101 Kochhar                   21 September 1989                                                                 
        102 De Haan                   13 January 1993                                                                   
        103 Hunold                    3 January 1990                                                                    

EMPLOYEE_ID LAST_NAME                 HIRE_DATE                                                                         
----------- ------------------------- --------------------------------------------                                      
        104 Ernst                     21 May 1991                                                                       
        107 Lorentz                   7 February 1999                                                                   
        124 Mourgos                   16 November 1999                                                                  
        141 Rajs                      17 October 1995                                                                   
        142 Davies                    29 January 1997                                                                   
        143 Matos                     15 March 1998                                                                     
        144 Vargas                    9 July 1998                                                                       
        149 Zlotkey                   29 January 2000                                                                   
        174 Abel                      11 May 1996                                                                       
        176 Taylor                    24 March 1998                                                                     
        178 Grant                     24 May 1999                                                                       

22 rows selected.

HR2> INSERT INTO departments(department_idm department_name, location_id)
  2  VALUES(&depno, INITCAP('deptname'), &locid) ;
Enter value for depno: 40
Enter value for locid: 2500
old   2: VALUES(&depno, INITCAP('deptname'), &locid) 
new   2: VALUES(40, INITCAP('deptname'), 2500) 
INSERT INTO departments(department_idm department_name, location_id)
                                       *
ERROR at line 1:
ORA-00917: missing comma 


HR2> ed
Wrote file afiedt.buf

  1  INSERT INTO departments(department_id, department_name, location_id)
  2* VALUES(&depno, INITCAP('deptname'), &locid) 
HR2> /
Enter value for depno: 40
Enter value for locid: 2500
old   2: VALUES(&depno, INITCAP('deptname'), &locid) 
new   2: VALUES(40, INITCAP('deptname'), 2500) 

1 row created.

HR2> ed
Wrote file afiedt.buf

  1  INSERT INTO departments(department_id, department_name, location_id)
  2* VALUES(&depno, INITCAP('deptname'), &locid) 
HR2> /
Enter value for depno: 40
Enter value for locid: 2500
old   2: VALUES(&depno, INITCAP('deptname'), &locid) 
new   2: VALUES(40, INITCAP('deptname'), 2500) 
INSERT INTO departments(department_id, department_name, location_id)
*
ERROR at line 1:
ORA-00001: unique constraint (HR.DEPT_ID_PK) violated 


HR2> ed
Wrote file afiedt.buf

  1  INSERT INTO departments(department_id, department_name, location_id)
  2* VALUES(&depno, INITCAP('&deptname'), &locid) 
HR2> /
Enter value for depno: 40
Enter value for deptname: human resource
Enter value for locid: 2500
old   2: VALUES(&depno, INITCAP('&deptname'), &locid) 
new   2: VALUES(40, INITCAP('human resource'), 2500) 
INSERT INTO departments(department_id, department_name, location_id)
*
ERROR at line 1:
ORA-00001: unique constraint (HR.DEPT_ID_PK) violated 


HR2> ed
Wrote file afiedt.buf

  1  SELECT employee_id, last_name, TO_CHAR(hire_date, 'yyyy/mm/dd') hire_date
  2* FROM employees
HR2> /

EMPLOYEE_ID LAST_NAME                 HIRE_DATE                                                                         
----------- ------------------------- ----------                                                                        
        200 Whalen                    1987/09/17                                                                        
        201 Hartstein                 1996/02/17                                                                        
        202 Fay                       1997/08/17                                                                        
        205 Higgins                   1994/06/07                                                                        
        206 Gietz                     1994/06/07                                                                        
        114 Raphealy                  1999/03/02                                                                        
        115 Dean                      2099/03/02                                                                        
        100 King                      1987/06/17                                                                        
        101 Kochhar                   1989/09/21                                                                        
        102 De Haan                   1993/01/13                                                                        
        103 Hunold                    1990/01/03                                                                        

EMPLOYEE_ID LAST_NAME                 HIRE_DATE                                                                         
----------- ------------------------- ----------                                                                        
        104 Ernst                     1991/05/21                                                                        
        107 Lorentz                   1999/02/07                                                                        
        124 Mourgos                   1999/11/16                                                                        
        141 Rajs                      1995/10/17                                                                        
        142 Davies                    1997/01/29                                                                        
        143 Matos                     1998/03/15                                                                        
        144 Vargas                    1998/07/09                                                                        
        149 Zlotkey                   2000/01/29                                                                        
        174 Abel                      1996/05/11                                                                        
        176 Taylor                    1998/03/24                                                                        
        178 Grant                     1999/05/24                                                                        

22 rows selected.

HR2> /

EMPLOYEE_ID LAST_NAME                 HIRE_DATE                                                                         
----------- ------------------------- ----------                                                                        
        200 Whalen                    1987/09/17                                                                        
        201 Hartstein                 1996/02/17                                                                        
        202 Fay                       1997/08/17                                                                        
        205 Higgins                   1994/06/07                                                                        
        206 Gietz                     1994/06/07                                                                        
        114 Raphealy                  1999/03/02                                                                        
        115 Dean                      2099/03/02                                                                        
        100 King                      1987/06/17                                                                        
        101 Kochhar                   1989/09/21                                                                        
        102 De Haan                   1993/01/13                                                                        
        103 Hunold                    1990/01/03                                                                        

EMPLOYEE_ID LAST_NAME                 HIRE_DATE                                                                         
----------- ------------------------- ----------                                                                        
        104 Ernst                     1991/05/21                                                                        
        113 Popp                      2018/01/25                                                                        
        107 Lorentz                   1999/02/07                                                                        
        124 Mourgos                   1999/11/16                                                                        
        141 Rajs                      1995/10/17                                                                        
        142 Davies                    1997/01/29                                                                        
        143 Matos                     1998/03/15                                                                        
        144 Vargas                    1998/07/09                                                                        
        149 Zlotkey                   2000/01/29                                                                        
        174 Abel                      1996/05/11                                                                        
        176 Taylor                    1998/03/24                                                                        

EMPLOYEE_ID LAST_NAME                 HIRE_DATE                                                                         
----------- ------------------------- ----------                                                                        
        178 Grant                     1999/05/24                                                                        

23 rows selected.

HR2> SELECT * FROM departments;

DEPARTMENT_ID DEPARTMENT_NAME                MANAGER_ID LOCATION_ID                                                     
------------- ------------------------------ ---------- -----------                                                     
           30 Purchasing                                                                                                
          100 Finance                                                                                                   
           40 Deptname                                         2500                                                     
           10 Administration                        200        1700                                                     
           20 Marketing                             201        1800                                                     
           50 Shipping                              124        1500                                                     
           60 IT                                    103        1400                                                     
           80 Sales                                 149        2500                                                     
           90 Executive                             100        1700                                                     
          110 Accounting                            205        1700                                                     
          190 Contracting                                      1700                                                     

DEPARTMENT_ID DEPARTMENT_NAME                MANAGER_ID LOCATION_ID                                                     
------------- ------------------------------ ---------- -----------                                                     
           70 Public Relations                      100        1700                                                     

12 rows selected.

HR2> CREATE TABLE sales_reps
  2  AS
  3  SELECT employee_id id, last_name name, salary, commission_pct comm
  4  FROM employees
  5  WHERE 1=2;

Table created.

HR2> desc sales_reps
 Name                                                              Null?    Type
 ----------------------------------------------------------------- -------- --------------------------------------------
 ID                                                                         NUMBER(6)
 NAME                                                              NOT NULL VARCHAR2(25)
 SALARY                                                                     NUMBER(8,2)
 COMM                                                                       NUMBER(2,2)

HR2> SELECT * FROM sales_reps;

no rows selected

HR2> SELECT * FROM sales_reps;

        ID NAME                          SALARY       COMM                                                              
---------- ------------------------- ---------- ----------                                                              
       202 Fay                             6000                                                                         
       114 Raphealy                       11000         .2                                                              
       115 Dean                           11000         .2                                                              
       174 Abel                           11000         .3                                                              
       176 Taylor                          8600         .2                                                              
       178 Grant                           7000        .15                                                              

6 rows selected.

HR2> SELECT * FROM sales_reps;

        ID NAME                          SALARY       COMM                                                              
---------- ------------------------- ---------- ----------                                                              
       202 Fay                             6000                                                                         
       114 Raphealy                       11000         .2                                                              
       115 Dean                           11000         .2                                                              
       174 Abel                           11000         .3                                                              
       176 Taylor                          8600         .2                                                              
       178 Grant                           7000        .15                                                              

6 rows selected.

HR2> /

        ID NAME                          SALARY       COMM                                                              
---------- ------------------------- ---------- ----------                                                              
       202 Fay                             6000                                                                         
       114 Raphealy                       11000         .2                                                              
       115 Dean                           11000         .2                                                              
       174 Abel                           11000         .3                                                              
       176 Taylor                          8600         .2                                                              
       178 Grant                           7000        .15                                                              

6 rows selected.

HR2> SELECT * FROM employees;

EMPLOYEE_ID FIRST_NAME           LAST_NAME                 EMAIL                     PHONE_NUMBER         HIRE_DATE     
----------- -------------------- ------------------------- ------------------------- -------------------- ---------     
JOB_ID         SALARY COMMISSION_PCT MANAGER_ID DEPARTMENT_ID                                                           
---------- ---------- -------------- ---------- -------------                                                           
        200 Jennifer             Whalen                    JWHALEN                   515.123.4444         17-SEP-87     
AD_ASST          4400                       101            10                                                           
                                                                                                                        
        201 Michael              Hartstein                 MHARTSTE                  515.123.5555         17-FEB-96     
MK_MAN          13000                       100            20                                                           
                                                                                                                        
        202 Pat                  Fay                       PFAY                      603.123.6666         17-AUG-97     
MK_REP           6000                       201            20                                                           
                                                                                                                        

EMPLOYEE_ID FIRST_NAME           LAST_NAME                 EMAIL                     PHONE_NUMBER         HIRE_DATE     
----------- -------------------- ------------------------- ------------------------- -------------------- ---------     
JOB_ID         SALARY COMMISSION_PCT MANAGER_ID DEPARTMENT_ID                                                           
---------- ---------- -------------- ---------- -------------                                                           
        205 Shelley              Higgins                   SHIGGINS                  515.123.8080         07-JUN-94     
AC_MGR          12000                       101           110                                                           
                                                                                                                        
        206 William              Gietz                     WGIETZ                    515.123.8181         07-JUN-94     
AC_ACCOUNT       8300                       205           110                                                           
                                                                                                                        
        114 DEN                  Raphealy                  DRAPHEAL                  515.123.6789         02-MAR-99     
SA_REP          11000             .2        100            60                                                           
                                                                                                                        

EMPLOYEE_ID FIRST_NAME           LAST_NAME                 EMAIL                     PHONE_NUMBER         HIRE_DATE     
----------- -------------------- ------------------------- ------------------------- -------------------- ---------     
JOB_ID         SALARY COMMISSION_PCT MANAGER_ID DEPARTMENT_ID                                                           
---------- ---------- -------------- ---------- -------------                                                           
        115 James                Dean                      JDEAN                     515.123.6789         02-MAR-99     
SA_REP          11000             .2        100            60                                                           
                                                                                                                        
        100 Steven               King                      SKING                     515.123.4567         17-JUN-87     
AD_PRES         24000                                      90                                                           
                                                                                                                        
        101 Neena                Kochhar                   NKOCHHAR                  515.123.4568         21-SEP-89     
AD_VP           17000                       100            90                                                           
                                                                                                                        

EMPLOYEE_ID FIRST_NAME           LAST_NAME                 EMAIL                     PHONE_NUMBER         HIRE_DATE     
----------- -------------------- ------------------------- ------------------------- -------------------- ---------     
JOB_ID         SALARY COMMISSION_PCT MANAGER_ID DEPARTMENT_ID                                                           
---------- ---------- -------------- ---------- -------------                                                           
        102 Lex                  De Haan                   LDEHAAN                   515.123.4569         13-JAN-93     
AD_VP           17000                       100            90                                                           
                                                                                                                        
        103 Alexander            Hunold                    AHUNOLD                   590.423.4567         03-JAN-90     
IT_PROG          9000                       102            60                                                           
                                                                                                                        
        104 Bruce                Ernst                     BERNST                    590.423.4568         21-MAY-91     
IT_PROG          6000                       103            60                                                           
                                                                                                                        

EMPLOYEE_ID FIRST_NAME           LAST_NAME                 EMAIL                     PHONE_NUMBER         HIRE_DATE     
----------- -------------------- ------------------------- ------------------------- -------------------- ---------     
JOB_ID         SALARY COMMISSION_PCT MANAGER_ID DEPARTMENT_ID                                                           
---------- ---------- -------------- ---------- -------------                                                           
        113 Louis                Popp                      LPOPP                     123.345.4567         25-JAN-18     
AC_ACCOUNT       6900                       205           110                                                           
                                                                                                                        
        107 Diana                Lorentz                   DLORENTZ                  590.423.5567         07-FEB-99     
IT_PROG          4200                       103            60                                                           
                                                                                                                        
        124 Kevin                Mourgos                   KMOURGOS                  650.123.5234         16-NOV-99     
ST_MAN           5800                       100            50                                                           
                                                                                                                        

EMPLOYEE_ID FIRST_NAME           LAST_NAME                 EMAIL                     PHONE_NUMBER         HIRE_DATE     
----------- -------------------- ------------------------- ------------------------- -------------------- ---------     
JOB_ID         SALARY COMMISSION_PCT MANAGER_ID DEPARTMENT_ID                                                           
---------- ---------- -------------- ---------- -------------                                                           
        141 Trenna               Rajs                      TRAJS                     650.121.8009         17-OCT-95     
ST_CLERK         3500                       124            50                                                           
                                                                                                                        
        142 Curtis               Davies                    CDAVIES                   650.121.2994         29-JAN-97     
ST_CLERK         3100                       124            50                                                           
                                                                                                                        
        143 Randall              Matos                     RMATOS                    650.121.2874         15-MAR-98     
ST_CLERK         2600                       124            50                                                           
                                                                                                                        

EMPLOYEE_ID FIRST_NAME           LAST_NAME                 EMAIL                     PHONE_NUMBER         HIRE_DATE     
----------- -------------------- ------------------------- ------------------------- -------------------- ---------     
JOB_ID         SALARY COMMISSION_PCT MANAGER_ID DEPARTMENT_ID                                                           
---------- ---------- -------------- ---------- -------------                                                           
        144 Peter                Vargas                    PVARGAS                   650.121.2004         09-JUL-98     
ST_CLERK         2500                       124            50                                                           
                                                                                                                        
        149 Eleni                Zlotkey                   EZLOTKEY                  011.44.1344.429018   29-JAN-00     
SA_MAN          10500             .2        100            80                                                           
                                                                                                                        
        174 Ellen                Abel                      EABEL                     011.44.1644.429267   11-MAY-96     
SA_REP          11000             .3        149            80                                                           
                                                                                                                        

EMPLOYEE_ID FIRST_NAME           LAST_NAME                 EMAIL                     PHONE_NUMBER         HIRE_DATE     
----------- -------------------- ------------------------- ------------------------- -------------------- ---------     
JOB_ID         SALARY COMMISSION_PCT MANAGER_ID DEPARTMENT_ID                                                           
---------- ---------- -------------- ---------- -------------                                                           
        176 Jonathon             Taylor                    JTAYLOR                   011.44.1644.429265   24-MAR-98     
SA_REP           8600             .2        149            80                                                           
                                                                                                                        
        178 Kimberely            Grant                     KGRANT                    011.44.1644.429263   24-MAY-99     
SA_REP           7000            .15        149                                                                         
                                                                                                                        

23 rows selected.

HR2> SELECT employee_id, salary, department_id
  2  FROM employees;

EMPLOYEE_ID     SALARY DEPARTMENT_ID                                                                                    
----------- ---------- -------------                                                                                    
        200       4400            10                                                                                    
        201      13000            20                                                                                    
        202       6000            20                                                                                    
        205      12000           110                                                                                    
        206       8300           110                                                                                    
        114      11000            60                                                                                    
        115      11000            60                                                                                    
        100      24000            90                                                                                    
        101      17000            90                                                                                    
        102      17000            90                                                                                    
        103       9000            60                                                                                    

EMPLOYEE_ID     SALARY DEPARTMENT_ID                                                                                    
----------- ---------- -------------                                                                                    
        104       6000            60                                                                                    
        113       6900           110                                                                                    
        107       4200            60                                                                                    
        124       5800            50                                                                                    
        141       3500            50                                                                                    
        142       3100            50                                                                                    
        143       2600            50                                                                                    
        144       2500            50                                                                                    
        149      10500            80                                                                                    
        174      11000            80                                                                                    
        176       8600            80                                                                                    

EMPLOYEE_ID     SALARY DEPARTMENT_ID                                                                                    
----------- ---------- -------------                                                                                    
        178       7000                                                                                                  

23 rows selected.

HR2> 
HR2> UPDATE employees
  2  SET salary = salary * 1.1
  3  WHERE employee_id = 202;

1 row updated.

HR2> UPDATE employees
  2  SET salary = salary*1.1
  3  WHERE employee_id = 201;

1 row updated.

HR2> ed
Wrote file afiedt.buf

  1  UPDATE employees
  2  SET salary = salary*1.1
  3* WHERE employee_id = 301
HR2> /

0 rows updated.

HR2> UPDATE employees
  2  SET job_id = (SELECT job_id
  3  			FROM employees
  4  			WHERE employee_id = 205),
  5  salary = (SELECT salary
  6  			FROM emlployees
  7  			WHERE employee_id = 205)
  8  WHERE employee_id = 113;
			FROM emlployees
			     *
ERROR at line 6:
ORA-00942: table or view does not exist 


HR2> ed
Wrote file afiedt.buf

  1  UPDATE employees
  2  SET job_id = (SELECT job_id
  3  			FROM employees
  4  			WHERE employee_id = 205),
  5  salary = (SELECT salary
  6  			FROM emlployees
  7  			WHERE employee_id = 205)
  8* WHERE employee_id = 113
HR2> /
			FROM emlployees
			     *
ERROR at line 6:
ORA-00942: table or view does not exist 


HR2> ed
Wrote file afiedt.buf

  1  UPDATE employees
  2  SET job_id = (SELECT job_id
  3  			FROM employees
  4  			WHERE employee_id = 205),
  5  salary = (SELECT salary
  6  			FROM employees
  7  			WHERE employee_id = 205)
  8* WHERE employee_id = 113
HR2> /

1 row updated.

HR2> commit
  2  ;

Commit complete.

HR2> UPDATE employees
  2  SET department_id = 50
  3  WHERE employees_id = 301;
WHERE employees_id = 301
      *
ERROR at line 3:
ORA-00904: "EMPLOYEES_ID": invalid identifier 


HR2> UPDATE employees
  2  SET department_id = (SELECT department_id FROM departments
  3  			WHERE department_name = 'Marketing')
  4  WHERE employee_id = 141;

1 row updated.

HR2> select * from sales_reps;

        ID NAME                          SALARY       COMM                                                              
---------- ------------------------- ---------- ----------                                                              
       202 Fay                             6000                                                                         
       114 Raphealy                       11000         .2                                                              
       115 Dean                           11000         .2                                                              
       174 Abel                           11000         .3                                                              
       176 Taylor                          8600         .2                                                              
       178 Grant                           7000        .15                                                              
       180 Mark                                                                                                         

7 rows selected.

HR2> delete from sales_reps;

7 rows deleted.

HR2> select * from sales_reps;

no rows selected

HR2> rollback;

Rollback complete.

HR2> select * from sales_reps;

        ID NAME                          SALARY       COMM                                                              
---------- ------------------------- ---------- ----------                                                              
       202 Fay                             6000                                                                         
       114 Raphealy                       11000         .2                                                              
       115 Dean                           11000         .2                                                              
       174 Abel                           11000         .3                                                              
       176 Taylor                          8600         .2                                                              
       178 Grant                           7000        .15                                                              
       180 Mark                                                                                                         

7 rows selected.

HR2> truncate table sales_reps;

Table truncated.

HR2> select * from sales_reps
  2  ;

no rows selected

HR2> rollback;

Rollback complete.

HR2> select * from sales_reps;

no rows selected

HR2> commit;

Commit complete.

HR2> spool off
